{
    "TrackerConfig": {
        "MotionModel": {
            "name": "cell_motion",
            "dt": 1.0,
            "measurements": 3,
            "states": 6,
            "accuracy": 4.721978311367279,
            "prob_not_assign": 0.07700977413088801,
            "max_lost": 3,
            "max_search_radius": 403,
            "A": {
                "matrix": [
                    1,
                    0,
                    0,
                    1,
                    0,
                    0,
                    0,
                    1,
                    0,
                    0,
                    1,
                    0,
                    0,
                    0,
                    1,
                    0,
                    0,
                    1,
                    0,
                    0,
                    0,
                    1,
                    0,
                    0,
                    0,
                    0,
                    0,
                    0,
                    1,
                    0,
                    0,
                    0,
                    0,
                    0,
                    0,
                    1
                ]
            },
            "H": {
                "matrix": [
                    1,
                    0,
                    0,
                    0,
                    0,
                    0,
                    0,
                    1,
                    0,
                    0,
                    0,
                    0,
                    0,
                    0,
                    1,
                    0,
                    0,
                    0
                ]
            },
            "P": {
                "sigma": 271.63323430048234,
                "matrix": [
                    0.1,
                    0,
                    0,
                    0,
                    0,
                    0,
                    0,
                    0.1,
                    0,
                    0,
                    0,
                    0,
                    0,
                    0,
                    0.1,
                    0,
                    0,
                    0,
                    0,
                    0,
                    0,
                    1,
                    0,
                    0,
                    0,
                    0,
                    0,
                    0,
                    1,
                    0,
                    0,
                    0,
                    0,
                    0,
                    0,
                    1
                ]
            },
            "G": {
                "sigma": 118.08883364108321,
                "matrix": [
                    0.5,
                    0.5,
                    0.5,
                    1,
                    1,
                    1
                ]
            },
            "R": {
                "sigma": 313.060001483587,
                "matrix": [
                    1,
                    0,
                    0,
                    0,
                    1,
                    0,
                    0,
                    0,
                    1
                ]
            }
        },
        "ObjectModel": {},
        "HypothesisModel": {
            "name": "cell_hypothesis",
            "hypotheses": [
                "P_FP",
                "P_init",
                "P_term",
                "P_link",
                "P_branch",
                "P_dead"
            ],
            "lambda_time": 6.050147973662237,
            "lambda_dist": 56.088367681080655,
            "lambda_link": 49.78514367829918,
            "lambda_branch": 19.06535907244015,
            "eta": 1e-10,
            "theta_dist": 79.7277915811968,
            "theta_time": 52.12820601518213,
            "dist_thresh": 67,
            "time_thresh": 21,
            "apop_thresh": 69,
            "segmentation_miss_rate": 0.2312679424897155,
            "apoptosis_rate": 0.001,
            "relax": true
        }
    }
}