{
    "TrackerConfig": {
        "MotionModel": {
            "name": "cell_motion",
            "dt": 1.0,
            "measurements": 3,
            "states": 6,
            "accuracy": 8.009716311591758,
            "prob_not_assign": 0.0040978247948944314,
            "max_lost": 7,
            "max_search_radius": 333,
            "A": {
                "matrix": [
                    1,
                    0,
                    0,
                    1,
                    0,
                    0,
                    0,
                    1,
                    0,
                    0,
                    1,
                    0,
                    0,
                    0,
                    1,
                    0,
                    0,
                    1,
                    0,
                    0,
                    0,
                    1,
                    0,
                    0,
                    0,
                    0,
                    0,
                    0,
                    1,
                    0,
                    0,
                    0,
                    0,
                    0,
                    0,
                    1
                ]
            },
            "H": {
                "matrix": [
                    1,
                    0,
                    0,
                    0,
                    0,
                    0,
                    0,
                    1,
                    0,
                    0,
                    0,
                    0,
                    0,
                    0,
                    1,
                    0,
                    0,
                    0
                ]
            },
            "P": {
                "sigma": 256.27600514914184,
                "matrix": [
                    0.1,
                    0,
                    0,
                    0,
                    0,
                    0,
                    0,
                    0.1,
                    0,
                    0,
                    0,
                    0,
                    0,
                    0,
                    0.1,
                    0,
                    0,
                    0,
                    0,
                    0,
                    0,
                    1,
                    0,
                    0,
                    0,
                    0,
                    0,
                    0,
                    1,
                    0,
                    0,
                    0,
                    0,
                    0,
                    0,
                    1
                ]
            },
            "G": {
                "sigma": 278.87185751568836,
                "matrix": [
                    0.5,
                    0.5,
                    0.5,
                    1,
                    1,
                    1
                ]
            },
            "R": {
                "sigma": 265.32029116749095,
                "matrix": [
                    1,
                    0,
                    0,
                    0,
                    1,
                    0,
                    0,
                    0,
                    1
                ]
            }
        },
        "ObjectModel": {},
        "HypothesisModel": {
            "name": "cell_hypothesis",
            "hypotheses": [
                "P_FP",
                "P_init",
                "P_term",
                "P_link",
                "P_branch",
                "P_dead"
            ],
            "lambda_time": 51.859986581218585,
            "lambda_dist": 66.902441987002,
            "lambda_link": 6.589695390639972,
            "lambda_branch": 80.61390788593881,
            "eta": 1e-10,
            "theta_dist": 99.93281039123241,
            "theta_time": 45.551770736594804,
            "dist_thresh": 14.062046441558516,
            "time_thresh": 47.47276733587965,
            "apop_thresh": 99,
            "segmentation_miss_rate": 0.38053770018270094,
            "apoptosis_rate": 0.001,
            "relax": true
        }
    }
}