{
    "TrackerConfig": {
        "MotionModel": {
            "name": "cell_motion",
            "dt": 1.0,
            "measurements": 3,
            "states": 6,
            "accuracy": 9.055870966694432,
            "prob_not_assign": 0.04060599245104763,
            "max_lost": 3,
            "max_search_radius": 618,
            "A": {
                "matrix": [
                    1,
                    0,
                    0,
                    1,
                    0,
                    0,
                    0,
                    1,
                    0,
                    0,
                    1,
                    0,
                    0,
                    0,
                    1,
                    0,
                    0,
                    1,
                    0,
                    0,
                    0,
                    1,
                    0,
                    0,
                    0,
                    0,
                    0,
                    0,
                    1,
                    0,
                    0,
                    0,
                    0,
                    0,
                    0,
                    1
                ]
            },
            "H": {
                "matrix": [
                    1,
                    0,
                    0,
                    0,
                    0,
                    0,
                    0,
                    1,
                    0,
                    0,
                    0,
                    0,
                    0,
                    0,
                    1,
                    0,
                    0,
                    0
                ]
            },
            "P": {
                "sigma": 320.38253488659456,
                "matrix": [
                    0.1,
                    0,
                    0,
                    0,
                    0,
                    0,
                    0,
                    0.1,
                    0,
                    0,
                    0,
                    0,
                    0,
                    0,
                    0.1,
                    0,
                    0,
                    0,
                    0,
                    0,
                    0,
                    1,
                    0,
                    0,
                    0,
                    0,
                    0,
                    0,
                    1,
                    0,
                    0,
                    0,
                    0,
                    0,
                    0,
                    1
                ]
            },
            "G": {
                "sigma": 117.11735977469405,
                "matrix": [
                    0.5,
                    0.5,
                    0.5,
                    1,
                    1,
                    1
                ]
            },
            "R": {
                "sigma": 131.44593791460437,
                "matrix": [
                    1,
                    0,
                    0,
                    0,
                    1,
                    0,
                    0,
                    0,
                    1
                ]
            }
        },
        "ObjectModel": {},
        "HypothesisModel": {
            "name": "cell_hypothesis",
            "hypotheses": [
                "P_FP",
                "P_init",
                "P_term",
                "P_link",
                "P_branch",
                "P_dead"
            ],
            "lambda_time": 86.14748736965713,
            "lambda_dist": 62.42682501298632,
            "lambda_link": 66.75799788885439,
            "lambda_branch": 65.34708766686434,
            "eta": 1e-10,
            "theta_dist": 78.09629301735191,
            "theta_time": 75.33412798847148,
            "dist_thresh": 87,
            "time_thresh": 76,
            "apop_thresh": 53,
            "segmentation_miss_rate": 0.7904118299314398,
            "apoptosis_rate": 0.001,
            "relax": true
        }
    }
}