{
    "TrackerConfig": {
        "MotionModel": {
            "name": "cell_motion",
            "dt": 1.0,
            "measurements": 3,
            "states": 6,
            "accuracy": 9.980873899170355,
            "prob_not_assign": 0.057694122542807036,
            "max_lost": 10,
            "max_search_radius": 971,
            "A": {
                "matrix": [
                    1,
                    0,
                    0,
                    1,
                    0,
                    0,
                    0,
                    1,
                    0,
                    0,
                    1,
                    0,
                    0,
                    0,
                    1,
                    0,
                    0,
                    1,
                    0,
                    0,
                    0,
                    1,
                    0,
                    0,
                    0,
                    0,
                    0,
                    0,
                    1,
                    0,
                    0,
                    0,
                    0,
                    0,
                    0,
                    1
                ]
            },
            "H": {
                "matrix": [
                    1,
                    0,
                    0,
                    0,
                    0,
                    0,
                    0,
                    1,
                    0,
                    0,
                    0,
                    0,
                    0,
                    0,
                    1,
                    0,
                    0,
                    0
                ]
            },
            "P": {
                "sigma": 431.85508669790687,
                "matrix": [
                    0.1,
                    0,
                    0,
                    0,
                    0,
                    0,
                    0,
                    0.1,
                    0,
                    0,
                    0,
                    0,
                    0,
                    0,
                    0.1,
                    0,
                    0,
                    0,
                    0,
                    0,
                    0,
                    1,
                    0,
                    0,
                    0,
                    0,
                    0,
                    0,
                    1,
                    0,
                    0,
                    0,
                    0,
                    0,
                    0,
                    1
                ]
            },
            "G": {
                "sigma": 336.80896061870124,
                "matrix": [
                    0.5,
                    0.5,
                    0.5,
                    1,
                    1,
                    1
                ]
            },
            "R": {
                "sigma": 308.29783664828994,
                "matrix": [
                    1,
                    0,
                    0,
                    0,
                    1,
                    0,
                    0,
                    0,
                    1
                ]
            }
        },
        "ObjectModel": {},
        "HypothesisModel": {
            "name": "cell_hypothesis",
            "hypotheses": [
                "P_FP",
                "P_init",
                "P_term",
                "P_link",
                "P_branch",
                "P_dead"
            ],
            "lambda_time": 13.05888572670761,
            "lambda_dist": 55.28123266619012,
            "lambda_link": 29.587646685106407,
            "lambda_branch": 69.75978020011333,
            "eta": 1e-10,
            "theta_dist": 88.41876290907872,
            "theta_time": 4.363100086036825,
            "dist_thresh": 93.76903127586812,
            "time_thresh": 36.128492901680644,
            "apop_thresh": 91,
            "segmentation_miss_rate": 0.24418799280519476,
            "apoptosis_rate": 0.001,
            "relax": true
        }
    }
}